http://www.lembuildingsurveying.co.uk/*  https://www.lembuildingsurveying.co.uk/:splat  301
http://lembuildingsurveying.co.uk/*  https://www.lembuildingsurveying.co.uk/:splat  301
https://lembuildingsurveying.co.uk/*  https://www.lembuildingsurveying.co.uk/:splat  301

/enquiry  /thank-you  200
/contact  /thank-you  200
/thank-you.html  /thank-you  301
/level-2-or-level-3  /level-2-vs-level-3  301
/level-2-or-level-3.html  /level-2-vs-level-3.html  301
/areas.html  /local-surveys.html  301
/areas  /local-surveys.html  301
/aldford  /aldford.html  301
/boughton  /boughton.html  301
/bretton  /bretton.html  301
/broughton  /broughton.html  301
/buckley  /buckley.html  301
/cheshire  /cheshire.html  301
/chester  /chester.html  301
/christleton  /christleton.html  301
/connahs-quay  /connahs-quay.html  301
/curzon-park  /curzon-park.html  301
/deeside  /deeside.html  301
/dobshill  /dobshill.html  301
/dodleston  /dodleston.html  301
/eccleston  /eccleston.html  301
/ewloe  /ewloe.html  301
/farndon  /farndon.html  301
/flint  /flint.html  301
/flintshire  /flintshire.html  301
/gresford  /gresford.html  301
/guilden-sutton  /guilden-sutton.html  301
/handbridge  /handbridge.html  301
/hawarden  /hawarden.html  301
/helsby  /helsby.html  301
/higher-kinnerton  /higher-kinnerton.html  301
/holywell  /holywell.html  301
/hoole  /hoole.html  301
/huntington  /huntington.html  301
/lower-kinnerton  /lower-kinnerton.html  301
/marford  /marford.html  301
/mold  /mold.html  301
/mynydd-isa  /mynydd-isa.html  301
/new-brighton  /new-brighton.html  301
/newton  /newton.html  301
/north-west-of-england  /north-west-of-england.html  301
/northop  /northop.html  301
/northop-hall  /northop-hall.html  301
/oakenholt  /oakenholt.html  301
/penyffordd  /penyffordd.html  301
/pulford  /pulford.html  301
/queensferry  /queensferry.html  301
/rossett  /rossett.html  301
/saighton  /saighton.html  301
/saltney  /saltney.html  301
/sandycroft  /sandycroft.html  301
/shotton  /shotton.html  301
/sychdyn  /sychdyn.html  301
/tarporley  /tarporley.html  301
/tarvin  /tarvin.html  301
/tattenhall  /tattenhall.html  301
/vicars-cross  /vicars-cross.html  301
/waverton  /waverton.html  301
/westminster-park  /westminster-park.html  301
/about  /about.html  301
/additional-services  /additional-services.html  301
/blog-index  /blog-index.html  301
/comparison  /comparison.html  301
/damp-mould-surveys  /damp-mould-surveys.html  301
/damp-timber-surveys  /damp-timber-surveys.html  301
/epc-with-floorplans  /epc-with-floorplans.html  301
/faqs  /faqs.html  301
/how-much-does-a-level-3-survey-cost-in-chester  /how-much-does-a-level-3-survey-cost-in-chester.html  301
/importance-of-independent-damp-surveys  /importance-of-independent-damp-surveys.html  301
/independent-damp-survey-vs-contractor  /independent-damp-survey-vs-contractor.html  301
/independent-damp-surveys  /independent-damp-surveys.html  301
/level-1-or-level-2  /level-1-or-level-2.html  301
/level-1  /level-1.html  301
/level-2-vs-level-3  /level-2-vs-level-3.html  301
/level-2  /level-2.html  301
/level-3  /level-3.html  301
/local-surveys  /local-surveys.html  301
/measured-surveys  /measured-surveys.html  301
/preserving-traditional-architecture  /preserving-traditional-architecture.html  301
/privacy-policy  /privacy-policy.html  301
/rics-home-surveys  /rics-home-surveys.html  301
/services  /services.html  301
/testimonials  /testimonials.html  301
/understanding-rics-home-surveys  /understanding-rics-home-surveys.html  301
/understanding-your-survey-report  /understanding-your-survey-report.html  301
/ventilation-assessments  /ventilation-assessments.html  301
/what-a-rics-survey-can-reveal  /what-a-rics-survey-can-reveal.html  301
